,F,R,S,Q,V,E,N,V,d,S,L,N,Q,R,D,G,a
A,0.98261905,0.99523383,0.99508697,0.99463284,0.9951344,0.99665654,0.99646133,0.077632084,2.1239711e-24,0.9929436,0.06453267,0.99336547,0.9961971,0.99429613,0.9956477,0.99435896,0.9939302
D,0.98143804,0.994414,0.9950742,0.9917813,0.99165374,0.99386084,0.33032665,0.0040341886,6.7080145e-19,0.75907123,0.021281272,0.992215,0.9475948,0.985328,0.9946801,0.9903791,0.98061293
E,0.97620106,0.99390656,0.99318093,0.99116546,0.99029166,0.99407476,0.9228243,0.0033533894,7.02506e-19,0.038124274,0.0188001,0.9860551,0.9817632,0.9783054,0.99329466,0.98918754,0.9904355
F,0.99407476,0.99559504,0.99585944,0.9959345,0.99581474,0.9969998,0.99712557,0.9935354,0.0,0.9950631,0.98717207,0.9961266,0.9963805,0.9966544,0.9965043,0.99606055,0.99552
G,0.98428494,0.99503183,0.9936293,0.99363506,0.99485946,0.9950147,0.99556583,0.012938511,4.9132105e-28,0.58867073,0.029665232,0.9953075,0.99561465,0.9941543,0.9955819,0.9946801,0.9932509
H,0.9858796,0.99444854,0.9938838,0.991715,0.9891679,0.9937383,0.9867511,0.039523046,7.570676e-34,0.9965049,0.04434361,0.75055206,0.9913817,0.9917155,0.99546933,0.9940224,0.99260473
I,0.9931855,0.9958662,0.9956086,0.9942215,0.9927532,0.99649954,0.99672806,0.99464524,1.5164512e-25,0.9886283,0.56493247,0.99419594,0.996799,0.99659973,0.996234,0.9960939,0.9949816
K,0.9476896,0.9937384,0.9908682,0.9903735,0.9261871,0.9918389,0.8985242,0.010632713,1.9230904e-17,0.12629688,0.009957814,0.98654675,0.98292303,0.9903846,0.99454087,0.99295604,0.992781
L,0.99403787,0.9956428,0.9958787,0.9946396,0.9944359,0.9960187,0.996671,0.2900037,2.32758e-31,0.98926324,0.99407476,0.99540836,0.99698395,0.9953962,0.9962166,0.9960454,0.9957575
N,0.9843463,0.99434656,0.9948426,0.9936494,0.99364215,0.9956404,0.99407476,0.014439903,6.2109603e-25,0.99693406,0.039814707,0.99407476,0.99377656,0.9927618,0.9954308,0.9936743,0.98998874
P,0.98364925,0.9948185,0.9942601,0.99289566,0.9929917,0.9951698,0.9951734,0.007817479,4.4913904e-31,5.0078253e-08,0.03054877,0.8538789,0.9962119,0.99570125,0.99672675,0.9949418,0.9938258
Q,0.9827313,0.9945095,0.9942821,0.9946801,0.9929471,0.99672675,0.9961308,0.00832908,3.1189802e-27,0.99185854,0.026484879,0.99488336,0.99407476,0.99248636,0.995839,0.9932201,0.992253
R,0.9792723,0.99407476,0.99372226,0.99409264,0.9917042,0.9946654,0.93040997,0.012861127,1.5243708e-29,0.3987187,0.025696963,0.9920874,0.9910018,0.9946801,0.99565625,0.9936526,0.99289167
S,0.9858541,0.9945688,0.99407476,0.9946479,0.9932706,0.99604875,0.996102,0.035554804,3.9339415e-27,0.9946801,0.06842995,0.99516463,0.99481934,0.99383026,0.99574286,0.9948508,0.9931585
T,0.9859595,0.9944554,0.9956306,0.9947765,0.994173,0.99615896,0.9968035,0.2573132,2.9102826e-27,0.99547935,0.0601015,0.9954313,0.9960453,0.9953093,0.9958454,0.9945884,0.9931524
V,0.98946196,0.99584585,0.9953726,0.99438536,0.99407476,0.9968451,0.9969626,0.9946801,7.377638e-33,0.99272,0.05518398,0.9923598,0.99697924,0.99652904,0.99648947,0.9959829,0.99464107
W,0.9931698,0.9962417,0.9957736,0.995626,0.9961999,0.9961849,0.9957053,0.015989456,1.3103612e-28,0.99577206,0.83467996,0.9954987,0.9957897,0.9967037,0.99657506,0.996018,0.9953642
Y,0.9933102,0.99555534,0.99567705,0.9955224,0.99592006,0.9967842,0.99720144,0.089914724,0.0,0.9946444,0.514373,0.9950224,0.9962373,0.99644107,0.9961056,0.9962508,0.9948548
a,0.9877132,0.9941307,0.99456525,0.9937779,0.9949161,0.9959608,0.9952112,0.017394776,1.1207178e-27,2.510952e-07,0.041281845,0.9800628,0.9961957,0.99581844,0.9958983,0.99487877,0.9940745
d,0.0009040879,0.0034412455,0.0022759389,0.017023385,0.004913447,0.99138886,0.01265275,0.0007723181,0.99468,0.00065438723,0.00077713263,0.0031476484,0.00955291,0.0034775462,0.028560366,0.99514884,0.014628669
